Song,Artist,easy,basic,advanced,expert,master,remaster
+♂,ギガれをる ダンス アルスマグナ,3,5.0,7.5,9,12.1,-
-OutsideR:RequieM-,箱部 なる(CV:M・A・O),2,4.0,7,9.8,12.3,-
39,sasakure.UK x DECO*27,2,5.0,7.8,9.8,12,12.3
7 Girls War,"Wake Up, Girls！",2,4.0,7.2,8.8,10.2,-
7thSense,削除,4,6.0,8,10,13,-
AMAZING MIGHTYYYY!!!!,WAiKURO,4,6.0,9,12,13.6,13.5
ARROW,niki,2,4.0,6.8,10.2,12.3,-
Acceleration,REDALiCE,4,6.0,7.9,10.5,11.9,-
After Burner,東京アクティブNEETs,3,5.0,7.8,10,12,-
Aiolos,xi,4,6.0,8,10.6,13,-
Alea jacta est!,BlackY fused with WAiKURO,4,6.0,8.8,11.5,13.5,13.9
Altale,削除,3,4.0,7.7,10.8,12.7,-
Arrival of Tears,彩音,3,4.0,6.2,9.2,12.3,-
Axeria,AcuticNotes,4,6.0,7.8,10.8,13.4,-
B.B.K.K.B.K.K.,nora2r,3,5.0,8,10.6,12.9,-
B.M.S.,光吉猛修の父,3,5.0,8,11,13,-
BAD∞END∞NIGHT,ひとしずくP・やま△,2,4.0,7.8,9,11.7,-
BETTER CHOICE,Jimmy Weckl feat.高貴みな,3,5.0,7.5,9.2,11.7,-
BREAK YOU!!,A-One,2,5.0,6.4,9.5,12,-
Back 2 Back,長沼英樹「ソニック ラッシュ」,3,5.0,7,9.3,12.5,-
Bad Apple!! feat nomico,Masayoshi Minoshima,2,4.0,6,8.9,10.9,12.3
Bang Babang Bang!!!,御形 アリシアナ(CV:福原 綾香),2,5.0,7.7,9.8,12,-
Barbed Eye,柿チョコ×みきとP,2,4.0,6.8,9.2,11.7,-
Beat Of Mind,Hiro「Crackin'DJ」,4,6.0,8.5,10.5,10.5,13.5
Beat of getting entangled,Shoichiro Hirata,3,5.0,8,10.6,12.2,-
Believe the Rainbow,Shoichiro Hirata feat.Sana,2,4.0,7.8,8.8,12,-
Black Out,Tsukasa（Arte Refact）,4,6.0,7.4,11.6,11.6,-
Blew Moon,t+pazolite,2,4.0,8.4,10.3,11.9,11.7
Brain Power,ノマ,3,5.0,7.9,10.2,12.6,-
Brand-new Japanesque,「龍が如く 見参！」,2,4.0,7.6,9.1,11.8,-
CALL HEAVEN!!,夢色キャスト,1,4.0,6.8,9.2,10.8,-
CITRUS MONSTER,D-Cee,3,6.0,8.5,10.8,13.4,-
CYBER Sparks,Tatsh,3,5.0,7,10,10.9,12.8
CYCLES,Masayoshi Minoshima feat. 綾倉盟,2,5.0,7.2,9.2,12.6,-
Calamity Fortune,LeaF,3,6.0,8.5,11,13.2,-
Caliburne ～Story of the Legendary sword～,Project Grimoire,4,6.0,8.6,11,13.2,-
Candy Tall Woman,naotyu- feat. 佐々木恵梨,3,5.0,7,10.2,12.4,-
Catch The Future,「BORDER BREAK UNION」メインテーマ,3,5.0,7.9,9.4,11,-
City Escape: Act1,「ソニック ジェネレーションズ」,2,4.0,5.4,8,11.2,11.3
Club Ibuki in Break All,void＋夕野ヨシミ (IOSYS) feat.藤原鞠菜,3,5.0,7.5,9.7,11.9,-
Color My World,GOSH / クラシック「悲愴」,2,4.0,6.3,8.5,10.1,-
Conquista Ciela,光吉猛修「バーチャロン」,2,4.0,6.8,8.5,11.7,-
Contrapasso -paradiso-,t+pazolite,4,6.0,8.7,11.5,13.4,-
Cosmic Magic Shooter,SOUND HOLIC feat. Nana Takahashi,3,4.0,7,9.3,12.5,-
Cosmic Train,Shoichiro Hirata feat.SUIMI,2,4.0,5.6,9.4,10.9,-
Counselor,DECO*27 feat.echo,2,4.0,7,9,10.7,-
Credits,Frums,3,6.0,8.2,11.8,13.6,-
Crush On You,福山光晴「Crackin'DJ」,2,4.0,6.8,8,10,12.9
DADDY MULK -Groove remix-,Performed by SEGA Sound Unit [H.],2,4.0,6.7,10.3,12.5,-
DETARAME ROCK&ROLL THEORY,箱部 なる(CV:M・A・O),3,4.0,7.6,9.5,12.2,-
DO RORO DERODERO ON DO RORO,怒髪天「百鬼大戦絵巻」,3,5.0,8.1,11.5,12,-
DRAGONLADY,Nankumo/ CUBE3,2,5.0,7.6,11.4,12.8,-
Danza zandA,福山光晴,2,4.0,7,9.2,12,12
Daydream café,Petit Rabbit's 「ご注文はうさぎですか？」,1,4.0,6.1,7.7,11.1,-
Death Scythe,SHIKI,2,5.0,7.8,10.3,12.4,-
Deep in Abyss,リコ(CV:富田美憂)、レグ(CV:伊瀬茉莉也),1,4.0,6,8.7,11.7,-
Doll Judgment,ぬるはち,3,4.0,7.8,10.4,12.5,-
Dragoon,Shandy kubota,3,5.0,7.8,9.4,12.3,-
Dreampainter,Sta feat.tigerlily and DOT96,2,4.0,7,9.7,11.7,-
ECHO,CIRCRUSH,2,4.0,6.8,9.7,12.5,-
ENERGY SYNERGY MATRIX,Tanchiky,2,5.0,7,10.9,12.7,-
ENJOY POLIS,LOPIT,2,5.0,7.4,9,11.7,-
EVERGREEN,Cranky,2,4.0,7,10.5,12,-
End Time,Cres.,3,6.0,8.5,11.4,13.7,-
End of Twilight,ALiCE’S EMOTiON feat. Ayumi Nomiya,3,4.0,7,10.2,11.3,-
Endless World,Ryouhei Kouno / 保立美和子,2,4.0,6.2,9.8,10.7,12.1
"Endless, Sleepless Night",samfree feat. (V)・∀・(V)かにぱん。,2,4.0,7.5,9.3,11.8,-
Excalibur ～Revived resolution～,Project Grimoire,4,6.0,9.5,11.5,13.8,-
FEEL ALIVE,ELEMENTAS feat. NAGISA,4,5.0,8,10.6,12.6,-
FEEL the BEATS,A-One,3,5.0,7.8,9.8,12.2,-
FFT,cybermiso,4,6.0,8.7,11.6,13.5,13.9
FLOWER,DJ YOSHITAKA 「jubeat」より,3,5.0,7.5,10.3,12.8,-
FREEDOM DiVE (tpz Overcute Remix),t+pazolite,4,6.0,8.7,10.8,13.4,-
FUJIN Rumble,COSIO（ZUNTATA) 「グルーヴコースター」より,2,5.0,7.8,10.2,13.3,-
Feel My Fire,発熱巫女～ず,2,4.0,8.3,9.7,11.8,-
FestivaLight,霜月はるか,2,4.0,7.2,9,12.1,-
Fist Bump,"大谷智哉,Douglas Robb from Hoobastank「ソニックフォース」",3,5.0,7.7,9.8,12,-
Fragrance,Tsukasa (Arte Refact),4,5.0,8.5,11.7,13.1,13.5
Future,★STAR GUiTAR [cover],3,6.0,6.2,7.9,9.5,11.3
GEMINI -M-,Tatsh,4,6.0,7,10.2,12.7,-
GO BACK 2 YOUR RAVE,nora2r,3,5.0,7.7,10.5,12.9,-
GOODMEN,EBIMAYO,3,5.0,7.3,9.8,11.8,-
Garakuta Doll Play,t+pazolite,4,6.0,8.2,11,13.1,13.7
Garden Of The Dragon,Kai「Wonderland Wars」,1,3.0,6.2,10.2,11.8,-
Get Happy,Jimmy Weckl,3,5.0,7,10.8,12.3,-
Glorious Crown,xi,4,6.0,9.7,11.3,13.7,-
"Good Bye, Mr. Jack",sasakure.UK,3,5.0,8.2,11.5,12.9,-
Grip & Break down !!,SOUND HOLIC feat. Nana Takahashi,2,4.0,6.2,7.5,11.9,-
H-A-J-I-M-A-R-I-U-T-A-!!,777☆SISTERS,1,3.0,6.8,8.7,11.7,-
HERA,ルゼ,4,6.0,8.5,10.8,13.2,-
Hand in Hand,livetune,2,4.0,6,8.9,11.2,-
Heart Beats,向日葵×emon(Tes.),2,5.0,6.7,8.2,10.3,-
Heartbeats,RAMM feat. 若井友希,2,4.0,8,10,11.3,-
"Help me, ERINNNNNN!!",ビートまりお(COOL&CREATE),2,5.0,6.2,9.8,10.4,-
Her Dream Is To Be A Fantastic Sorceress,アミティ(CV 菊池志穂)「ぷよぷよ」,1,3.0,6,9.5,10.3,-
Hyper Active,HiTECH NINJA,4,6.0,8.3,11,12.9,-
I ♥,Junky,2,4.0,6.9,7.7,10.7,-
INFINITE WORLD,SOUND HOLIC feat. Nana Takahashi,2,4.0,7.4,9.2,11.7,-
Ievan Polkka,Otomania feat. 初音ミク,1,3.0,6.8,10.7,12.5,-
Ignis Danse,Yuji Masubuchi 「太鼓の達人」より,2,5.0,7.5,10.8,13.3,-
Ignite Infinity,「PHANTASY STAR PORTABLE2 ∞」,2,4.0,6.4,10.2,10.7,-
Imitation:Loud Lounge,Ino(chronoize),3,5.0,7,10.4,12.4,-
Imperishable Night 2006 (2016 Refine),ゆうゆ / 篠螺悠那,3,5.0,7.8,10.5,12.7,-
In Chaos,Hiro「Crackin'DJ」,2,5.0,6.8,8,10.7,13.7
Infantoon Fantasy,t+pazolite,3,5.0,7.8,9.3,12.5,-
Invitation,れるりり feat.ろん,2,4.0,6.8,8.3,11.7,-
JACKY [Remix],「バーチャファイター」,2,4.0,6.7,9.6,12.1,-
JUMPIN' JUMPIN',SOUND HOLIC feat. Nana Takahashi,2,4.0,7.7,9.6,11.5,-
Jack-the-Ripper◆,sasakure.UK,3,5.0,8.2,10.4,12.9,-
Jimang Shot,じまんぐ,2,4.0,6.8,8.9,11.7,-
Jumble Rumble,INNOCENT NOIZE,3,5.0,8,10.8,12.8,-
Jumping!!,Rhodanthe*,2,4.0,6.8,8.4,10.7,-
Just Be Friends,Dixie Flatline,1,4.0,7,9,11.7,-
Justified,MintJam feat.光吉猛修,3,4.0,8.2,11.5,12.9,-
KING is BACK!!,A-One,3,5.0,8,10.4,12.8,-
KISS CANDY FLAVOR,カラフル・サウンズ・ポート,2,4.0,7.5,9.7,12.1,-
Kattobi KEIKYU Rider,Sampling Masters MEGA,4,5.0,8.5,11,12.8,-
Kinda Way,good-cool ft. Pete Klassen,3,4.0,7.8,10,12,-
L'épilogue,SOUND HOLIC feat. Nana Takahashi,2,5.0,7.4,9.9,12.4,-
L9,]paraoka,4,6.0,7.5,9.4,12.5,-
LANCE,Ras,3,5.0,7.9,9.7,12.6,-
LOL -lots of laugh-,KeN/エンドケイプ,2,4.0,6.2,8.9,10.8,-
LOVE EAST,暁Records,2,4.0,6.5,9.2,11.5,-
LUCIA,SHIKI,2,4.0,6.7,10.5,11.1,-
Let's Go Away,光吉猛修「デイトナ Championship USA」,1,4.0,7,9.4,11.9,-
Life Feels Good,Cranky,3,5.0,8,10.8,12.4,-
Limit Break,DiGiTAL WiNG,2,5.0,7.5,9.8,12,-
Link,Clean Tears feat. Youna,2,6.0,7,10+,10+,-
Link,Circle of friends （天月-あまつき-・un:c・伊東歌詞太郎・コニー・はしやん）,2,5.0,7,7,10+,-
Lionheart,Masayoshi Minoshima,3,6.0,7.4,9.8,12.3,-
Live & Learn,Crush 40「ソニックアドベンチャー2」,2,4.0,6.8,9.6,11.8,-
Lividi,Feryquitous,4,5.0,8.8,11,12.9,-
Living Universe,「PHANTASY STAR PORTABLE2」,2,4.0,7.3,8.7,10.5,11.7
Los! Los! Los!,ターニャ・デグレチャフ(CV.悠木碧)「幼女戦記」,3,4.0,7.4,9.8,11.7,-
Lost Princess,ペコリーヌ(CV:M・A・O)、コッコロ(CV:伊藤美来)、キャル(CV:立花理香),2,4.0,6.4,9,10.7,11.8
Love You,Q;indivi [cover],2,5.0,6,8.3,10.6,-
Love or Lies,capsule [cover],2,4.0,6,8,10.1,-
M.S.S.Planet,M.S.S Project,2,4.0,6.9,9,11.5,-
METATRON,SHIKI,3,6.0,8,10.2,12.8,-
MIRROR of MAGIC,Shoichiro Hirata feat.SUIMI,3,4.0,7,9,11.7,-
MYTHOS,Cranky feat. まらしぃ & てっぺい先生,2,4.0,7.8,10.4,13,-
Magical Flavor,DECO*27 feat.Tia,2,4.0,7.5,9,12.2,-
Mare Maris,M2U,3,5.0,8.5,10.8,12.9,-
Maxi,Nizikawa,3,5.0,8.5,10.8,12.8,-
MilK,モリモリあつし,1,4.0,6.5,10.8,12.8,-
Money Money,暁Records,2,4.0,6.5,9.2,12,-
Monochrome Rainbow,Sta/Call,2,4.0,7.8,9.4,11,-
Moon of Noon,Sampling Masters MEGA,4,6.0,8.2,11.2,13.4,-
Mr. Wonderland,sasakure.UK,3,5.0,6.5,8.7,12,-
My Dearest Song,月鈴 白奈(CV:高野 麻里佳),3,4.0,7.5,10.2,12.5,-
My First Phone,cubesato,2,5.0,7.8,10.9,12.8,-
Mysterious Destiny,「BAYONETTA(ベヨネッタ)」,2,4.0,6.7,10.6,12.2,-
NIGHT OF FIRE,NIKO [cover],3,6.0,7.4,8.7,10.1,-
Natural Flow,KENTARO「Crackin 'DJ」,2,4.0,7.1,10.1,10.1,-
Nerverakes,Taishi,3,6.0,7.6,10.3,12.8,-
Night Fly,発熱巫女～ず,3,4.0,7.4,9.9,11.5,-
Nitrous Fury,Jun Senoue,3,6.0,7.7,10.3,12.9,-
No Routine,A-One,2,5.0,6.5,9.5,12.1,-
Now Loading!!!!,fourfolium「NEW GAME!」,2,4.0,7.4,8.8,11.2,-
Nyan Cat EX,daniwell,2,4.0,7.1,9.8,12.5,-
One Step Ahead,伊東歌詞太郎,2,4.0,6.7,9.6,10.7,-
Oshama Scramble!,t+pazolite,3,5.0,7.8,10,13.3,-
Our Fighting,クーナ(CV 喜多村英梨)「PHANTASY STAR ONLINE 2」,2,4.0,6.8,9.3,11.1,-
Our Wrenally,t+pazolite,4,6.0,9,11.5,13.8,-
Outlaw's Lullaby,「龍が如く２」,2,4.0,7.8,9.1,12.9,-
PANDORA PARADOXXX,削除,6,7.7,10.7,12.7,13.9,14
PERFECT HUMAN,RADIO FISH,1,4.0,6,8.5,11.2,-
POP STAR,平井堅 ［cover］,1,4.0,6.2,7.9,10.4,-
POP TEAM EPIC,上坂すみれ「ポプテピピック」,1,4.0,6.4,8.8,10.7,12.7
Panopticon,cybermiso,4,5.0,8.7,11.5,13.4,13.4
Paradisus-Paradoxum,MYTH & ROID 「Re:ゼロから始める異世界生活」,2,4.0,7.3,9.2,12.2,-
Phantasm Brigade,Silver Forest,2,5.0,7.4,9.8,12.2,-
Pixel Voyage,YMCK,1,3.0,6,8.1,11,-
Prophesy One,vox2（小野秀幸）,4,6.0,8.5,10.5,13.6,-
Pursuing My True Self,目黒 将司,2,4.0,7,9.7,11.4,-
QZKago Requiem,t+pazolite,5,6.0,9.9,11.7,13.7,13.9
RIDGE RACER STEPS -GMT remix-,Yuji Masubuchi(BNSI)「RIDGE RACER」,2,5.0,7.2,10,12,-
Ragnarok,sky_delta,4,6.0,8.5,10.9,13.1,-
Reach For The Stars,"大谷智哉, Jean Paul Makhlouf of Cash Cash「ソニック カラーズ」",2,5.0,7.8,9.4,12.7,-
Revive The Rave,void(Mournfinale),4,6.0,8,10.6,12.4,-
Riders Of The Light,「BAYONETTA(ベヨネッタ)」,3,3.0,6.6,9.9,10.2,-
Rodeo Machine,HALFBY,1,3.0,6.5,9.7,12.3,-
Rooftop Run: Act1,「ソニック ジェネレーションズ」,2,4.0,6.6,9.7,10.1,11.7
SAKURAスキップ,fourfolium 「NEW GAME!」,2,4.0,6.2,7.8,10.9,-
SAVIOR OF SONG,ナノ feat.MY FIRST STORY,3,4.0,7.4,9,12.4,-
SILENT BLUE,かねこちはる,4,5.0,8,11.4,13.8,-
SPICY SWINGY STYLE,明坂 芹菜(CV:新田 恵海),3,5.0,7.8,10,12.1,-
SPILL OVER COLORS,矢鴇つかさ feat. kalon.,3,4.0,7.7,10,12.2,-
SPiCa,とくP,2,4.0,6.4,8.4,11.3,-
STAIRWAY TO GENERATION,Yosh(Survive Said The Prophet),2,5.0,7,9.8,12.2,-
Sakura Fubuki,Street,3,4.0,7.5,10.7,12.7,-
Save This World νMIX,「PHANTASY STAR PORTABLE」,3,5.0,7.3,8.9,11.9,11.9
Scarlet Lance,MASAKI(ZUNTATA)「グルーヴコースター 3EX ドリームパーティー」より,3,6.0,8.5,11.2,13,-
Scars of FAUNA,猫叉Master 「jubeat」より,2,5.0,7,9.6,12.7,-
Schwarzschild,Tsukasa,4,6.0,8.9,11.5,13.5,13.9
Scream out! -maimai SONIC WASHER Edit-,A-One,3,5.0,7.8,10.8,12.8,-
Selector,Aliesrite*（Ym1024 fear. lamie*）,2,5.0,7,10.2,12.6,-
Signature,Palme,3,4.0,7.8,10.8,12.2,-
Spin me harder,D.watt (IOSYS) feat. Asana,3,6.0,7.6,10.7,12.5,-
Sprintrances,Taishi,3,5.0,7.8,9.6,11.7,-
Stand Up!!!!,鈴木結愛（CV:西 明日香）/ 佐藤陽菜（CV:明坂聡美）/高橋 葵（CV:荻野可鈴）/田中心春（CV:大橋彩香）/「てさぐれ！部活もの」 ［アニメPV］,2,4.0,6.5,8.8,11,-
StargazeR,骨盤P,2,4.0,6.8,9.2,11,-
Starlight Dance Floor,発熱巫女～ず,1,4.0,6.8,8.8,11.1,-
Starlight Disco,loos feat. Meramipop,2,4.0,7,10.4,10.6,11.6
Starlight Vision,矢鴇つかさ feat. 三澤秋,2,4.0,7,9.8,11.4,-
Star☆Glitter,セブンスシスターズ,2,4.0,7,9.5,11.3,-
Still,イロドリミドリ「CHUNITHM」,2,4.0,6.8,9.7,12.4,-
Streak,ARM (IOSYS),3,6.0,7.3,10.8,12.3,-
Sun Dance,Hiro「Crackin'DJ」,2,4.0,6.8,7.7,9.1,12.9
Sunshine world tour,夢色キャスト,2,4.0,7,8.8,11,-
Sweet Devil,八王子P,2,4.0,6.6,9.8,11.3,-
Sweetiex2,Dixie Flatline,2,4.0,6.1,7.3,9.9,-
Sweets×Sweets,Team-D,2,5.0,6.6,8,9.7,-
TRUST,小仏 凪(CV:佐倉 薫),3,5.0,7,9.8,12.1,-
Tell Your World,livetune,1,4.0,6.7,8.9,10.7,11.2
Terminal Storm,三草康二郎「CODE OF JOKER」,2,4.0,7,9.7,12.1,-
The Great Journey,光吉猛修 「ホルカ・トルカ」,2,4.0,6,8.9,10,-
The wheel to the right,Sampling Masters MEGA,4,6.0,8.1,11,12.9,-
This game,鈴木このみ「ノーゲーム・ノーライフ」,2,4.0,6.6,9.9,12,-
TiamaT:F minor,Team Grimoire,3,6.0,9.5,11.8,13.2,-
Time To Make History (AKIRA YAMAOKA Remix),目黒 将司 Remixed by 山岡 晃,3,5.0,7.4,9.6,12.5,-
True Love Song,Kai / クラシック「G線上のアリア」,2,4.0,6.4,8.8,9.8,-
Turn around,Clean Tears,3,6.0,7.3,11.8,12.2,-
ULTRA B+K,nora2r,3,5.0,7.8,10.5,12.9,-
Ultranova,A4paper,3,5.0,7.8,11.2,13,-
Urban Crusher [Remix],「BORDER BREAK」,3,6.0,8.3,11.5,11.7,-
VERTeX,Hiro,3,5.0,8,10.2,13.4,-
WARNING×WARNING×WARNING,暁Records,2,4.0,7,9.2,11.3,-
WORLD'S END UMBRELLA,ハチ,2,4.0,7.5,8.8,11.5,-
We Gonna Journey,Queen P.A.L.,3,6.0,8.3,10.9,12.9,-
We Gonna Party,Cranky,3,6.0,7.8,11.4,12.2,-
White Traveling Girl,A-One,2,4.0,6.8,9,12.3,-
Windy Hill -Zone 1,大谷智哉 「ソニック ロストワールド」,2,4.0,7.5,9.4,11.7,-
World Vanquisher,void(Mournfinale),4,6.0,8.8,11.6,13.2,-
Xevel,Tatsh,4,6.0,8,11,13.3,-
YATTA!,はっぱ隊 [cover],1,3.0,6.1,8.1,10,-
YU-MU,岸田教団＆THE明星ロケッツ,2,4.0,6.7,9.3,10.9,-
ZIGG-ZAGG,Junky,3,6.0,6,7.7,9.2,11.3
air's gravity,zts,4,5.0,7.8,9.8,12.1,-
awake,下田麻美「Shining・Force CROSS ELYSION」,2,4.0,7.7,8,11.7,-
brilliant better,御形 アリシアナ (イロドリミドリ),3,5.0,6.7,9.9,11.7,-
come again,m-flo [cover],2,5.0,6.4,8.8,10.1,-
conflict,siromaru + cranky,3,5.0,7.2,10.9,13.2,-
connecting with you,Takahiro Eguchi feat. 三澤秋,3,4.0,7.4,9.3,11.7,-
fake!fake!,カラスは真っ白,2,4.0,7,8.7,11.7,-
fantastic dreamer,Machico「この素晴らしい世界に祝福を!」,3,4.0,6.7,8.8,11.4,-
jelly,capsule [cover],2,4.0,7.2,7.7,10.7,-
keep hopping,kamome sano,3,5.0,7.8,10.8,12.9,-
larva,ガリガリさむし,4,6.0,8.5,11.6,13.7,-
magician's operation,EZFG,2,4.0,7.1,10,12.6,-
oboro,ヒゲドライバー,3,5.0,7.6,10,12.7,-
only my railgun,fripSide,2,4.0,6.2,9,10.7,11.7
planet dancer,樽木栄一郎,2,5.0,7,9.7,11.9,-
shake it!,emon,2,4.0,6.8,7.5,10.8,-
sweet little sister,Silver Forest,2,4.0,6.3,9.1,11.7,-
taboo tears you up,REDALiCE(HARDCORE TANO*C),3,5.0,7.4,9.6,11.7,-
the EmpErroR,sasakure.UK,3,5.0,9.7,12,13.6,13.9
true my heart -Lovable mix-,ave;new feat.佐倉紗織,1,4.0,6.2,8.8,11,-
あねぺったん,月鈴姉妹(イロドリミドリ),2,5.0,7.4,9.2,11.8,-
いぇす！ゆゆゆ☆ゆるゆり♪♪,七森中☆ごらく部 「ゆるゆり♪♪」,2,4.0,7,9.2,11.2,-
うまるん体操,妹S「干物妹！うまるちゃんR」,2,4.0,6.8,8.5,10.5,11.2
きたさいたま2000,LindaAI-CUE(BNGI) 「太鼓の達人」より,3,5.0,7.8,11.4,13.1,-
その群青が愛しかったようだった,n-buna feat.ヤギヌマカナ,2,5.0,7,9.5,11.4,-
ちょちょちょ！ゆるゆり☆かぷりっちょ！！！,七森中☆ごらく部 「ゆるゆり さん☆ハイ！」,2,4.0,7,9.4,11.4,-
なるとなぎのパーフェクトロックンロール教室,イロドリミドリ「CHUNITHM」,3,5.0,7,9.7,12.3,-
ゆりゆららららゆるゆり大事件,七森中☆ごらく部 「ゆるゆり」,2,4.0,6.4,7.5,10.7,-
アリサのテーマ,池頼広,2,4.0,6.8,9.8,12.7,-
キミとボクのミライ,ジータ(CV:金元寿子)、ルリア(CV:東山奈央)、ヴィーラ(CV:今井麻美)、マリー(CV:長谷川明子),2,4.0,7,9,10.2,11.7
ホシトハナ,讃州中学勇者部 「結城友奈は勇者である」,2,4.0,6.8,9.2,11,-
全力☆Summer!,angela「アホガール」,2,4.0,6.7,8.8,10.8,11.8
回レ！雪月花,歌組雪月花 夜々(原田 ひとみ)/いろり(茅野 愛衣)/小紫(小倉 唯) 「機少女は傷つかない」,2,4.0,7.2,9,12.5,-
夜明けまであと３秒,Taku Inoue,4,6.0,8.5,11,12.9,-
私の中の幻想的世界観及びその顕現を想起させたある現実での出来事に関する一考察,小仏 凪(CV:佐倉 薫),2,5.0,6.7,8.2,12,-